{"cameraMode":{"drawMode":0,"name":"Shaded","section":"Shading Mode"},"sceneLighting":false,"audioPlay":false,"sceneViewState":{"m_AlwaysRefresh":false,"showFog":true,"showSkybox":false,"showFlares":true,"showImageEffects":true,"showParticleSystems":true,"showVisualEffectGraphs":true,"m_FxEnabled":true},"in2DMode":false,"pivot":{"x":-0.04849153757095337,"y":0.19894087314605714,"z":0.43138283491134646},"rotation":{"x":-0.4006848931312561,"y":0.3290209174156189,"z":-0.15656103193759919,"w":-0.8408677577972412},"size":0.8660253882408142,"orthographic":false}