{"cameraMode":{"drawMode":0,"name":"Shaded","section":"Shading Mode"},"sceneLighting":false,"audioPlay":false,"sceneViewState":{"m_AlwaysRefresh":false,"showFog":true,"showSkybox":false,"showFlares":true,"showImageEffects":true,"showParticleSystems":true,"showVisualEffectGraphs":true,"m_FxEnabled":true},"in2DMode":false,"pivot":{"x":0.15315359830856324,"y":-0.04431164264678955,"z":1.4521232843399048},"rotation":{"x":-0.49441465735435488,"y":0.3618747591972351,"z":-0.23704089224338532,"w":-0.7541781067848206},"size":0.8660253882408142,"orthographic":false}